,District ID,SC 2016,SpecEd 2016,Enrollment 2016,Avg. SpecEd Perc,District Name,Public SpecEd 2016,Public SpecEd Perc,Public Enrollment 2016
326,9545,,,,,21st Century Charter Sch of Gary,105.0,11.82%,888.0
386,9970,,,,,ACE Preparatory Academy,2.0,5.56%,36.0
12,15,171.0,25.0,297.0,8.42,Adams Central Community Schools,132.0,10.48%,1259.0
145,5265,810.0,89.0,1266.0,7.03,Alexandria Community School Corp,260.0,16.66%,1561.0
146,5275,1635.0,333.0,4639.0,7.18,Anderson Community School Corp,1584.0,22.35%,7088.0
358,9790,,,,,Anderson Preparatory Academy,128.0,15.76%,812.0
332,9615,,,,,Andrew J Brown Academy,64.0,9.70%,660.0
160,5470,74.0,7.0,161.0,4.35,Argos Community Schools,100.0,15.82%,632.0
343,9685,,,,,Aspire Charter Academy,74.0,10.65%,695.0
43,2435,54.0,19.0,208.0,9.13,Attica Consolidated School Corp,154.0,21.10%,730.0
74,3315,3274.0,467.0,8694.0,5.37,Avon Community School Corp,1378.0,14.67%,9392.0
337,9645,,,,,Avondale Meadows Academy,79.0,17.48%,452.0
9,1315,109.0,16.0,172.0,9.3,Barr-Reeve Community Schools Inc,87.0,10.61%,820.0
90,365,1072.0,224.0,3058.0,7.33,Bartholomew Con School Corp,1431.0,12.38%,11562.0
208,6895,150.0,40.0,653.0,6.13,Batesville Community School Corp,289.0,13.38%,2160.0
34,2260,916.0,214.0,2534.0,8.45,Baugo Community Schools,201.0,10.62%,1892.0
156,5380,3301.0,523.0,8257.0,6.33,Beech Grove City Schools,507.0,16.32%,3107.0
98,395,834.0,243.0,2362.0,10.29,Benton Community School Corp,438.0,23.41%,1871.0
142,515,,,,,Blackford County Schools,285.0,16.69%,1708.0
271,2920,,,,,Bloomfield School District,116.0,13.83%,839.0
78,3405,170.0,20.0,357.0,5.6,Blue River Valley Schools,88.0,13.23%,665.0
161,5480,279.0,61.0,503.0,12.13,Bremen Public Schools,193.0,12.97%,1488.0
200,670,1095.0,254.0,3214.0,7.9,Brown County School Corporation,493.0,24.64%,2001.0
73,3305,2758.0,421.0,7337.0,5.74,Brownsburg Community School Corp,1012.0,11.58%,8737.0
92,3695,430.0,112.0,1255.0,8.92,Brownstown Cnt Com Sch Corp,227.0,14.35%,1582.0
333,9620,,,,,Burris Laboratory School,93.0,14.44%,644.0
274,3455,,,,,C A Beard Memorial School Corp,241.0,20.78%,1160.0
293,8825,,,,,CSUSA Donnan,94.0,23.98%,392.0
290,8810,,,,,CSUSA Howe,95.0,17.56%,541.0
291,8815,,,,,CSUSA Manual,149.0,21.41%,696.0
347,9725,,,,,Canaan Community Academy,36.0,40.45%,89.0
281,6340,,,,,Cannelton City Schools,54.0,20.85%,259.0
368,9880,,,,,Career Academy High School,68.0,25.56%,266.0
385,9965,,,,,Career Academy Middle School,83.0,20.80%,399.0
63,3060,2591.0,526.0,8994.0,5.85,Carmel Clay Schools,1547.0,9.62%,16082.0
353,9755,,,,,Carpe Diem - Meridian Campus,45.0,32.85%,137.0
346,9710,,,,,Carpe Diem - Northwest,32.0,20.78%,154.0
335,9630,,,,,Carpe Diem - Shadeland,23.0,34.33%,67.0
226,750,669.0,195.0,1877.0,10.39,Carroll Consolidated School Corp,108.0,9.73%,1110.0
270,2650,,,,,Caston School Corporation,65.0,9.43%,689.0
103,4205,2976.0,602.0,7730.0,7.79,Center Grove Community School Corp,1100.0,13.45%,8180.0
255,8360,323.0,36.0,604.0,5.96,Centerville-Abington Com Schs,198.0,11.53%,1717.0
180,6055,881.0,128.0,2019.0,6.34,Central Noble Com School Corp,210.0,17.21%,1220.0
319,9445,,,,,Charles A Tindley Accelerated Sch,25.0,9.16%,273.0
298,9310,,,,,Charter School of the Dunes,58.0,12.53%,463.0
311,9380,,,,,Christel House Academy South,92.0,12.81%,718.0
313,9395,,,,,Christel House Academy West,26.0,9.81%,265.0
312,9385,,,,,Christel House DORS South,2.0,0.75%,265.0
318,9440,,,,,Christel House DORS West,1.0,0.52%,192.0
102,4145,1959.0,401.0,5183.0,7.74,Clark-Pleasant Community Sch Corp,910.0,13.85%,6571.0
0,1000,807.0,187.0,2733.0,6.84,Clarksville Community School Corp,236.0,16.83%,1402.0
2,1125,230.0,4.0,462.0,0.87,Clay Community Schools,865.0,20.46%,4228.0
3,1150,287.0,63.0,745.0,8.46,Clinton Central School Corporation,108.0,11.66%,926.0
4,1160,828.0,212.0,2333.0,9.09,Clinton Prairie School Corporation,161.0,13.39%,1202.0
201,6750,140.0,3.0,335.0,0.9,Cloverdale Community Schools,217.0,17.74%,1223.0
300,9320,,,,,Community Montessori Inc,115.0,21.22%,542.0
5,1170,694.0,164.0,2531.0,6.48,Community Schools of Frankfort,408.0,12.78%,3193.0
35,2270,1158.0,200.0,2690.0,7.43,Concord Community Schools,732.0,13.57%,5394.0
44,2440,19.0,3.0,56.0,5.36,Covington Community School Corp,140.0,14.88%,941.0
24,1900,304.0,42.0,488.0,8.61,Cowan Community School Corp,99.0,12.52%,791.0
8,1300,229.0,19.0,743.0,2.56,Crawford County Community Sch Corp,317.0,20.39%,1555.0
173,5855,353.0,59.0,918.0,6.43,Crawfordsville Community Schools,557.0,21.71%,2566.0
94,3710,385.0,66.0,818.0,8.07,Crothersville Community Schools,97.0,19.72%,492.0
124,4660,1616.0,117.0,4217.0,2.77,Crown Point Community School Corp,903.0,10.76%,8389.0
159,5455,453.0,79.0,1510.0,5.23,Culver Community Schools Corp,108.0,13.86%,779.0
26,1940,643.0,77.0,1001.0,7.69,Daleville Community Schools,67.0,7.25%,924.0
376,9920,,,,,Damar Charter Academy,160.0,97.56%,164.0
75,3325,940.0,188.0,3198.0,5.88,Danville Community School Corp,286.0,11.61%,2463.0
20,1835,2184.0,265.0,4495.0,5.9,DeKalb Co Ctl United Sch Dist,540.0,14.50%,3725.0
18,1805,348.0,47.0,737.0,6.38,DeKalb Co Eastern Com Sch Dist,226.0,17.15%,1318.0
16,1655,503.0,82.0,1268.0,6.47,Decatur County Community Schools,363.0,18.33%,1980.0
21,1875,115.0,11.0,206.0,5.34,Delaware Community School Corp,411.0,15.68%,2622.0
229,755,1153.0,283.0,3035.0,9.32,Delphi Community School Corp,154.0,10.91%,1411.0
366,9870,,,,,Discovery Charter School,67.0,12.93%,518.0
359,9795,,,,,Dr Robert H Faulkner Academy,12.0,10.00%,120.0
382,9950,,,,,Dugger Union Community School Corp,42.0,13.73%,306.0
189,6470,805.0,78.0,2077.0,3.76,Duneland School Corporation,943.0,16.14%,5842.0
48,255,6565.0,824.0,12617.0,6.53,East Allen County Schools,1113.0,11.63%,9569.0
329,9595,,,,,East Chicago Lighthouse Charter,48.0,10.91%,440.0
327,9555,,,,,East Chicago Urban Enterprise Acad,34.0,7.89%,431.0
50,2725,368.0,92.0,1215.0,7.57,East Gibson School Corporation,196.0,21.73%,902.0
181,6060,1953.0,232.0,4080.0,5.69,East Noble School Corporation,692.0,18.81%,3678.0
190,6510,213.0,26.0,652.0,3.99,East Porter County School Corp,346.0,13.95%,2480.0
251,8215,107.0,34.0,489.0,6.95,East Washington School Corp,255.0,17.73%,1438.0
53,2815,680.0,130.0,1539.0,8.45,Eastbrook Community Sch Corp,232.0,14.38%,1613.0
57,2940,282.0,38.0,536.0,7.09,Eastern Greene Schools,189.0,15.37%,1230.0
68,3145,1210.0,200.0,2828.0,7.07,Eastern Hancock Co Com Sch Corp,217.0,17.92%,1211.0
84,3480,49.0,13.0,95.0,13.68,Eastern Howard School Corporation,235.0,15.66%,1501.0
197,6620,276.0,114.0,1012.0,11.26,Eastern Pulaski Community Sch Corp,179.0,14.27%,1254.0
104,4215,212.0,24.0,302.0,7.95,Edinburgh Community School Corp,173.0,18.99%,911.0
292,8820,,,,,Edison Learning Roosevelt,94.0,15.64%,601.0
38,2305,2569.0,415.0,6332.0,6.55,Elkhart Community Schools,2137.0,16.45%,12993.0
147,5280,293.0,71.0,1124.0,6.32,Elwood Community School Corp,267.0,16.11%,1657.0
175,5910,139.0,21.0,321.0,6.54,Eminence Community School Corp,75.0,19.95%,376.0
309,9365,,,,,Enlace Academy,49.0,13.39%,366.0
240,7995,1988.0,445.0,5938.0,7.49,Evansville Vanderburgh School Corp,3562.0,15.62%,22801.0
352,9750,,,,,Excel Center - Anderson,29.0,9.24%,314.0
307,9355,,,,,Excel Center - Kokomo,42.0,11.70%,359.0
305,9345,,,,,Excel Center - Lafayette,44.0,13.79%,319.0
303,9335,,,,,Excel Center - Lafayette Square,15.0,3.93%,382.0
364,9855,,,,,Excel Center - Noblesville,26.0,13.13%,198.0
297,9305,,,,,Excel Center - Richmond,48.0,16.33%,294.0
391,9995,,,,,Excel Center - Shelbyville,3.0,3.57%,84.0
372,9900,,,,,Excel Center - South Bend,10.0,2.78%,360.0
362,9840,,,,,Excel Center - University Heights,44.0,11.28%,390.0
374,9910,,,,,Excel Center for Adult Learners,103.0,9.94%,1036.0
32,2155,383.0,35.0,636.0,5.5,Fairfield Community Schools,232.0,10.79%,2150.0
41,2395,212.0,38.0,396.0,9.6,Fayette County School Corporation,569.0,15.97%,3562.0
93,370,366.0,60.0,1025.0,5.85,Flat Rock-Hawcreek School Corp,124.0,14.37%,863.0
40,235,7009.0,849.0,13046.0,6.51,Fort Wayne Community Schools,4514.0,15.37%,29377.0
105,4225,1570.0,335.0,4516.0,7.42,Franklin Community School Corp,736.0,14.71%,5004.0
46,2475,94.0,24.0,437.0,5.49,Franklin County Community Sch Corp,362.0,14.57%,2484.0
149,5310,6609.0,1059.0,16230.0,6.52,Franklin Township Com Sch Corp,1415.0,15.46%,9151.0
143,5245,586.0,77.0,929.0,8.29,Frankton-Lapel Community Schools,418.0,13.26%,3152.0
287,7605,,,,,Fremont Community Schools,126.0,13.88%,908.0
261,8525,619.0,175.0,1876.0,9.33,Frontier School Corporation,124.0,18.13%,684.0
19,1820,1259.0,181.0,2901.0,6.24,Garrett-Keyser-Butler Com Sch Corp,284.0,15.98%,1777.0
127,4690,2795.0,208.0,5973.0,3.48,Gary Community School Corp,843.0,14.48%,5823.0
325,9535,,,,,Gary Lighthouse Charter School,156.0,10.30%,1515.0
369,9885,,,,,Gary Middle College,20.0,8.44%,237.0
340,9665,,,,,Geist Montessori Academy,64.0,17.02%,376.0
387,9975,,,,,Global Preparatory Academy,22.0,8.18%,269.0
39,2315,1046.0,117.0,2106.0,5.56,Goshen Community Schools,814.0,12.31%,6610.0
1,1010,816.0,208.0,2983.0,6.97,Greater Clark County Schools,1718.0,16.29%,10544.0
31,2120,172.0,40.0,477.0,8.39,Greater Jasper Consolidated Schs,390.0,12.23%,3190.0
286,6755,,,,,Greencastle Community School Corp,302.0,15.67%,1927.0
66,3125,1286.0,106.0,2075.0,5.11,Greenfield-Central Com Schools,755.0,16.70%,4521.0
17,1730,250.0,62.0,761.0,8.15,Greensburg Community Schools,358.0,15.93%,2248.0
106,4245,2650.0,569.0,7550.0,7.54,Greenwood Community Sch Corp,609.0,15.61%,3902.0
128,4700,1460.0,84.0,2967.0,2.83,Griffith Public Schools,357.0,14.35%,2488.0
230,7610,262.0,36.0,597.0,6.03,Hamilton Community Schools,57.0,17.38%,328.0
60,3025,502.0,87.0,1162.0,7.49,Hamilton Heights School Corp,339.0,14.52%,2334.0
59,3005,2800.0,652.0,9855.0,6.62,Hamilton Southeastern Schools,2192.0,10.26%,21367.0
345,9705,,,,,Hammond Academy of Science & Tech,28.0,5.10%,549.0
118,4580,419.0,58.0,1837.0,3.16,Hanover Community School Corp,260.0,11.81%,2201.0
390,9990,,,,,Heritage Institute of Arts & Tech,18.0,11.76%,153.0
338,9650,,,,,Herron Charter,83.0,10.04%,827.0
365,9865,,,,,Hoosier Acad Virtual Charter,435.0,13.02%,3342.0
360,9805,,,,,Hoosier Academy - Indianapolis,43.0,17.41%,247.0
339,9655,,,,,Hope Academy,3.0,12.00%,25.0
88,3625,2398.0,216.0,4159.0,5.19,Huntington Co Com Sch Corp,916.0,17.40%,5265.0
334,9625,,,,,IN Acad for Sci Math & Humanities,4.0,1.21%,330.0
357,9785,,,,,IN Math & Science Academy,56.0,9.54%,587.0
371,9895,,,,,IN Math & Science Academy - North,84.0,15.14%,555.0
310,9375,,,,,IN Math & Science Academy - South,36.0,18.85%,191.0
330,9605,,,,,IN Sch for the Blind & Vis Imprd,137.0,99.28%,138.0
323,9490,,,,,Indiana College Preparatory School,26.0,10.00%,260.0
373,9905,,,,,Indiana Connections Academy,631.0,15.65%,4032.0
294,9100,,,,,Indiana Department of Corrections,154.0,39.39%,391.0
331,9610,,,,,Indiana School For The Deaf,270.0,98.18%,275.0
370,9890,,,,,Indiana Virtual School,222.0,7.53%,2947.0
356,9780,,,,,Indianapolis Academy of Excellence,17.0,18.09%,94.0
355,9770,,,,,Indianapolis Lighthouse East,51.0,18.96%,269.0
341,9670,,,,,Indianapolis Metropolitan High Sch,48.0,18.11%,265.0
157,5385,9450.0,1543.0,22566.0,6.84,Indianapolis Public Schools,4890.0,17.00%,28767.0
328,9575,,,,,Indpls Lighthouse Charter School,85.0,9.42%,902.0
296,9120,,,,,Insight School of Indiana,134.0,20.21%,663.0
349,9735,,,,,Inspire Academy - A Sch of Inquiry,43.0,24.71%,174.0
302,9330,,,,,Irvington Community School,157.0,15.32%,1025.0
209,6900,247.0,44.0,720.0,6.11,Jac-Cen-Del Community Sch Corp,151.0,17.83%,847.0
97,3945,238.0,33.0,350.0,9.43,Jay School Corporation,829.0,24.56%,3376.0
101,4015,781.0,145.0,1990.0,7.29,Jennings County School Corporation,876.0,19.91%,4400.0
212,7150,690.0,85.0,1731.0,4.91,John Glenn School Corporation,241.0,12.38%,1946.0
324,9495,,,,,Joshua Academy,16.0,9.70%,165.0
314,9400,,,,,KIPP Indy College Prep Middle,61.0,20.07%,304.0
315,9410,,,,,KIPP Indy Unite Elementary,27.0,8.85%,305.0
95,3785,593.0,149.0,1705.0,8.74,Kankakee Valley School Corp,502.0,14.67%,3423.0
295,9115,,,,,Kindezi Academy,14.0,8.38%,167.0
228,7525,333.0,117.0,1100.0,10.64,Knox Community School Corp,233.0,12.06%,1932.0
87,3500,683.0,208.0,2312.0,9.0,Kokomo School Corporation,1116.0,18.08%,6172.0
139,4945,791.0,70.0,1909.0,3.67,LaPorte Community School Corp,1055.0,15.80%,6676.0
234,7855,1343.0,294.0,3497.0,8.41,Lafayette School Corporation,1500.0,19.50%,7694.0
121,4615,1836.0,202.0,5431.0,3.72,Lake Central School Corporation,1331.0,13.78%,9656.0
123,4650,826.0,63.0,1947.0,3.24,Lake Ridge New Tech Schools,283.0,15.11%,1873.0
126,4680,1019.0,52.0,1651.0,3.15,Lake Station Community Schools,174.0,13.50%,1289.0
117,4535,458.0,68.0,965.0,7.05,Lakeland School Corporation,341.0,17.18%,1985.0
69,3160,459.0,91.0,1715.0,5.31,Lanesville Community School Corp,97.0,12.97%,748.0
15,1620,153.0,30.0,527.0,5.69,Lawrenceburg Community School Corp,324.0,15.98%,2028.0
199,665,1171.0,265.0,3406.0,7.78,Lebanon Community School Corp,639.0,18.61%,3434.0
23,1895,170.0,20.0,357.0,5.6,Liberty-Perry Community Sch Corp,183.0,15.12%,1210.0
272,2950,,,,,Linton-Stockton School Corporation,137.0,9.66%,1418.0
266,875,90.0,1.0,127.0,0.79,Logansport Community Sch Corp,499.0,11.73%,4254.0
275,5525,,,,,Loogootee Community Sch Corp,143.0,17.72%,807.0
259,8445,51.0,13.0,97.0,13.4,M S D Bluffton-Harrison,235.0,14.94%,1573.0
188,6460,225.0,30.0,506.0,5.93,M S D Boone Township,173.0,14.93%,1159.0
148,5300,5875.0,895.0,13435.0,6.66,M S D Decatur Township,915.0,14.18%,6452.0
150,5330,5274.0,969.0,15080.0,6.43,M S D Lawrence Township,2013.0,12.63%,15936.0
176,5925,877.0,132.0,2214.0,5.96,M S D Martinsville Schools,766.0,16.49%,4645.0
195,6590,711.0,128.0,2034.0,6.29,M S D Mount Vernon,491.0,23.53%,2087.0
196,6600,369.0,113.0,1554.0,7.27,M S D North Posey Co Schools,295.0,19.81%,1489.0
152,5350,5812.0,839.0,13861.0,6.05,M S D Pike Township,1532.0,13.48%,11369.0
273,2960,,,,,M S D Shakamak Schools,100.0,12.25%,816.0
7,125,4835.0,629.0,9483.0,6.63,M S D Southwest Allen County Schls,565.0,7.86%,7190.0
231,7615,262.0,36.0,597.0,6.03,M S D Steuben County,423.0,15.08%,2805.0
245,8050,394.0,12.0,484.0,2.48,M S D Wabash County Schools,299.0,14.48%,2065.0
247,8115,,,,,M S D Warren County,220.0,17.96%,1225.0
153,5360,7183.0,1195.0,17662.0,6.77,M S D Warren Township,1875.0,15.25%,12297.0
154,5370,5510.0,954.0,14745.0,6.47,M S D Washington Township,1681.0,14.64%,11482.0
155,5375,5867.0,963.0,14608.0,6.59,M S D Wayne Township,2003.0,12.43%,16111.0
135,4860,324.0,32.0,405.0,7.9,M S D of New Durham Township,110.0,12.40%,887.0
165,5615,671.0,158.0,1583.0,9.98,Maconaquah School Corp,377.0,16.25%,2320.0
99,3995,377.0,25.0,710.0,3.52,Madison Consolidated Schools,457.0,15.83%,2887.0
54,2825,347.0,8.0,408.0,1.96,Madison-Grant United School Corp,203.0,16.54%,1227.0
244,8045,287.0,52.0,530.0,9.81,Manchester Community Schools,192.0,12.21%,1572.0
375,9915,,,,,Marion Academy,47.0,27.65%,170.0
56,2865,680.0,130.0,1539.0,8.45,Marion Community Schools,601.0,15.42%,3898.0
383,9955,,,,,Mays Community Academy,39.0,21.67%,180.0
89,3640,86.0,5.0,114.0,4.39,Medora Community School Corp,47.0,22.93%,205.0
120,4600,2500.0,167.0,5367.0,3.11,Merrillville Community School Corp,833.0,12.79%,6512.0
137,4925,965.0,114.0,1906.0,5.98,Michigan City Area Schools,1046.0,18.68%,5601.0
36,2275,803.0,168.0,2053.0,8.18,Middlebury Community Schools,535.0,11.68%,4579.0
210,6910,63.0,6.0,210.0,2.86,Milan Community Schools,176.0,15.30%,1150.0
77,3335,341.0,72.0,1045.0,6.89,Mill Creek Community Sch Corp,254.0,16.62%,1528.0
55,2855,795.0,141.0,1745.0,8.08,Mississinewa Community School Corp,415.0,16.38%,2534.0
141,5085,228.0,34.0,476.0,7.14,Mitchell Community Schools,342.0,21.20%,1613.0
204,6820,25.0,7.0,46.0,15.22,Monroe Central School Corp,177.0,16.51%,1072.0
170,5740,616.0,133.0,1602.0,8.3,Monroe County Community Sch Corp,1670.0,15.02%,11122.0
174,5900,451.0,58.0,957.0,6.06,Monroe-Gregg School District,229.0,14.84%,1543.0
177,5930,2380.0,417.0,6635.0,6.28,Mooresville Con School Corp,612.0,13.75%,4452.0
67,3135,2296.0,323.0,6945.0,4.65,Mt Vernon Community School Corp,595.0,15.13%,3933.0
27,1970,1298.0,190.0,3219.0,5.9,Muncie Community Schools,1236.0,21.72%,5690.0
348,9730,,,,,Neighbors' New Vistas High School,36.0,14.81%,243.0
253,8305,358.0,32.0,656.0,4.88,Nettle Creek School Corporation,190.0,17.04%,1115.0
42,2400,931.0,220.0,3174.0,6.93,New Albany-Floyd Co Con Sch,1935.0,16.94%,11420.0
81,3445,115.0,11.0,206.0,5.34,New Castle Community School Corp,638.0,19.32%,3302.0
304,9340,,,,,New Community School,27.0,18.12%,149.0
134,4805,920.0,149.0,2286.0,6.52,New Prairie United School Corp,380.0,12.68%,2998.0
378,9930,,,,,Nexus Academy of Indianapolis,22.0,16.92%,130.0
107,4255,1045.0,170.0,2601.0,6.54,Nineveh-Hensley-Jackson United,280.0,15.32%,1828.0
64,3070,1991.0,373.0,6509.0,5.73,Noblesville Schools,1511.0,14.49%,10426.0
47,25,636.0,75.0,1069.0,7.02,North Adams Community Schools,260.0,14.37%,1809.0
283,6375,,,,,North Central Parke Comm Schl Corp,257.0,21.01%,1223.0
10,1375,152.0,23.0,285.0,8.07,North Daviess Com Schools,176.0,15.09%,1166.0
51,2735,493.0,107.0,1188.0,9.01,North Gibson School Corp,528.0,25.79%,2047.0
70,3180,423.0,86.0,1588.0,5.42,North Harrison Com School Corp,420.0,18.59%,2259.0
227,7515,333.0,117.0,1100.0,10.64,North Judson-San Pierre Sch Corp,173.0,16.86%,1026.0
108,4315,233.0,38.0,585.0,6.5,North Knox School Corp,206.0,15.56%,1324.0
140,5075,268.0,48.0,601.0,7.99,North Lawrence Com Schools,983.0,19.95%,4928.0
166,5620,,,,,North Miami Community Schools,163.0,17.01%,958.0
171,5835,936.0,132.0,2203.0,5.99,North Montgomery Com Sch Corp,355.0,18.65%,1903.0
178,5945,394.0,56.0,1212.0,4.62,North Newton School Corp,212.0,15.28%,1387.0
285,6715,,,,,North Putnam Community Schools,258.0,17.76%,1453.0
223,7385,162.0,64.0,470.0,13.62,North Spencer County Sch Corp,338.0,16.54%,2044.0
241,8010,19.0,3.0,56.0,5.36,North Vermillion Com Sch Corp,105.0,14.09%,745.0
72,3295,537.0,77.0,1424.0,5.41,North West Hendricks Schools,225.0,11.91%,1889.0
260,8515,243.0,43.0,598.0,7.19,North White School Corp,123.0,14.42%,853.0
28,2040,82.0,39.0,350.0,11.14,Northeast Dubois Co Sch Corp,191.0,20.65%,925.0
232,7645,140.0,3.0,335.0,0.9,Northeast School Corp,135.0,15.27%,884.0
256,8375,235.0,31.0,443.0,7.0,Northeastern Wayne Schools,218.0,16.47%,1324.0
258,8435,1762.0,193.0,3514.0,5.49,Northern Wells Community Schools,337.0,13.73%,2455.0
33,225,5279.0,677.0,10389.0,6.52,Northwest Allen County Schools,887.0,12.05%,7362.0
220,7350,802.0,168.0,2244.0,7.49,Northwestern Con School Corp,219.0,14.70%,1490.0
83,3470,475.0,165.0,1374.0,12.01,Northwestern School Corp,225.0,12.51%,1799.0
167,5625,668.0,125.0,1504.0,8.31,Oak Hill United School Corp,204.0,11.83%,1724.0
301,9325,,,,,Options Charter School - Carmel,39.0,22.16%,176.0
336,9640,,,,,Options Charter School Noblesville,68.0,33.33%,204.0
225,7495,57.0,3.0,88.0,3.41,Oregon-Davis School Corp,62.0,10.63%,583.0
276,6145,,,,,Orleans Community Schools,164.0,20.02%,819.0
277,6155,,,,,Paoli Community School Corp,254.0,17.58%,1445.0
342,9680,,,,,Paramount School Of Excellence Inc,122.0,16.97%,719.0
213,7175,2830.0,525.0,6932.0,7.57,Penn-Harris-Madison School Corp,1402.0,12.75%,10994.0
280,6325,,,,,Perry Central Com Schools Corp,173.0,13.67%,1266.0
151,5340,4804.0,780.0,11276.0,6.92,Perry Township Schools,2024.0,12.55%,16128.0
168,5635,47.0,4.0,76.0,5.26,Peru Community Schools,312.0,14.74%,2116.0
377,9925,,,,,Phalen Leadership Academy - IN Inc,23.0,7.42%,310.0
187,6445,141.0,43.0,405.0,10.62,Pike County School Corp,380.0,20.33%,1869.0
269,775,,,,,Pioneer Regional School Corp,107.0,11.75%,911.0
76,3330,1787.0,289.0,4579.0,6.31,Plainfield Community School Corp,781.0,14.29%,5466.0
162,5485,691.0,153.0,1861.0,8.22,Plymouth Community School Corp,470.0,12.77%,3680.0
193,6550,1261.0,94.0,2784.0,3.38,Portage Township Schools,1239.0,16.06%,7717.0
191,6520,722.0,83.0,2105.0,3.94,Porter Township School Corp,265.0,19.49%,1360.0
115,4515,450.0,59.0,1075.0,5.49,Prairie Heights Community Sch Corp,202.0,15.92%,1269.0
205,6825,25.0,7.0,46.0,15.22,Randolph Central School Corp,313.0,20.26%,1545.0
206,6835,87.0,28.0,335.0,8.36,Randolph Eastern School Corp,152.0,17.00%,894.0
203,6805,80.0,15.0,154.0,9.74,Randolph Southern School Corp,77.0,14.67%,525.0
344,9690,,,,,Renaissance Academy Charter School,29.0,11.74%,247.0
96,3815,198.0,28.0,515.0,5.44,Rensselaer Central School Corp,285.0,16.97%,1679.0
169,5705,444.0,93.0,1125.0,8.27,Richland-Bean Blossom C S C,480.0,17.09%,2808.0
257,8385,659.0,37.0,987.0,3.75,Richmond Community Schools,1052.0,21.05%,4998.0
183,6080,153.0,30.0,527.0,5.69,Rising Sun-Ohio Co Com,133.0,17.27%,770.0
119,4590,696.0,45.0,1596.0,2.82,River Forest Community Sch Corp,222.0,14.38%,1544.0
49,2645,,,,,Rochester Community School Corp,294.0,16.01%,1836.0
367,9875,,,,,Rock Creek Community Academy,141.0,27.81%,507.0
6,1180,687.0,179.0,2043.0,8.76,Rossville Con School District,108.0,10.88%,993.0
321,9465,,,,,Rural Community Schools Inc,68.0,40.48%,168.0
211,6995,173.0,75.0,636.0,11.79,Rush County Schools,291.0,13.78%,2111.0
322,9485,,,,,SE Neighborhood Sch of Excellence,78.0,14.44%,540.0
250,8205,306.0,19.0,836.0,2.27,Salem Community Schools,515.0,26.84%,1919.0
125,4670,2295.0,162.0,4446.0,3.64,School City of East Chicago,842.0,18.63%,4520.0
129,4710,2300.0,161.0,4469.0,3.6,School City of Hammond,1986.0,14.32%,13868.0
131,4730,1608.0,103.0,3228.0,3.19,School City of Hobart,504.0,12.59%,4004.0
214,7200,2751.0,524.0,6863.0,7.64,School City of Mishawaka,917.0,17.21%,5328.0
133,4760,702.0,30.0,1377.0,2.18,School City of Whiting,157.0,13.16%,1193.0
130,4720,1083.0,97.0,2816.0,3.44,School Town of Highland,356.0,11.21%,3176.0
132,4740,877.0,74.0,2247.0,3.29,School Town of Munster,462.0,11.54%,4002.0
158,5400,1807.0,174.0,4594.0,3.79,School Town of Speedway,244.0,13.59%,1796.0
217,7230,77.0,0.0,93.0,,Scott County School District 1,208.0,17.90%,1162.0
218,7255,773.0,122.0,1818.0,6.71,Scott County School District 2,487.0,17.94%,2715.0
389,9985,,,,,Seven Oaks Classical School,20.0,12.42%,161.0
91,3675,402.0,91.0,1036.0,8.78,Seymour Community Schools,776.0,16.50%,4704.0
219,7285,384.0,106.0,1317.0,8.05,Shelby Eastern Schools,202.0,17.00%,1188.0
222,7365,1137.0,192.0,2884.0,6.66,Shelbyville Central Schools,617.0,15.16%,4069.0
80,3435,627.0,86.0,1009.0,8.52,Shenandoah School Corporation,235.0,16.82%,1397.0
62,3055,,,,,Sheridan Community Schools,187.0,18.05%,1036.0
164,5520,76.0,11.0,191.0,5.76,Shoals Community School Corp,158.0,26.87%,588.0
299,9315,,,,,Signature School Inc,3.0,0.83%,361.0
354,9760,,,,,Smith Academy for Excellence,20.0,27.78%,72.0
264,8625,114.0,11.0,187.0,5.88,Smith-Green Community Schools,164.0,13.69%,1198.0
86,35,276.0,114.0,1012.0,11.26,South Adams Schools,195.0,15.02%,1298.0
215,7205,3862.0,632.0,8464.0,7.47,South Bend Community School Corp,3347.0,18.48%,18110.0
138,4940,160.0,5.0,296.0,1.69,South Central Com School Corp,133.0,13.96%,953.0
14,1600,302.0,72.0,976.0,7.38,South Dearborn Community Sch Corp,508.0,20.05%,2534.0
52,2765,99.0,59.0,478.0,12.34,South Gibson School Corporation,372.0,18.76%,1983.0
71,3190,459.0,91.0,1715.0,5.31,South Harrison Com Schools,524.0,16.79%,3120.0
79,3415,169.0,25.0,309.0,8.09,South Henry School Corp,96.0,11.68%,822.0
109,4325,124.0,22.0,413.0,5.33,South Knox School Corp,159.0,12.81%,1241.0
144,5255,1106.0,130.0,1786.0,7.28,South Madison Com Sch Corp,654.0,14.59%,4481.0
172,5845,241.0,40.0,740.0,5.41,South Montgomery Com Sch Corp,300.0,17.86%,1680.0
179,5995,,,,,South Newton School Corp,144.0,16.90%,852.0
284,6705,,,,,South Putnam Community Schools,187.0,16.48%,1135.0
207,6865,279.0,53.0,806.0,6.58,South Ripley Com Sch Corp,209.0,18.30%,1142.0
224,7445,273.0,47.0,810.0,5.8,South Spencer County Sch Corp,213.0,17.39%,1225.0
242,8020,,,,,South Vermillion Com Sch Corp,319.0,18.20%,1753.0
29,2100,,,,,Southeast Dubois Co Sch Corp,160.0,12.46%,1284.0
45,2455,19.0,3.0,56.0,5.36,Southeast Fountain School Corp,138.0,12.90%,1070.0
249,815,150.0,38.0,267.0,14.23,Southeastern School Corp,143.0,10.68%,1339.0
65,3115,1723.0,364.0,4918.0,7.4,Southern Hancock Co Com Sch Corp,522.0,14.78%,3532.0
289,8425,,,,,Southern Wells Com Schools,118.0,14.06%,839.0
30,2110,82.0,39.0,350.0,11.14,Southwest Dubois Co Sch Corp,219.0,12.67%,1728.0
279,6260,,,,,Southwest Parke Com Sch Corp,212.0,20.85%,1017.0
288,7715,,,,,Southwest School Corporation,243.0,14.00%,1736.0
221,7360,536.0,143.0,1762.0,8.12,Southwestern Con Sch Shelby Co,77.0,12.90%,597.0
100,4000,300.0,25.0,617.0,4.05,Southwestern-Jefferson Co Con,206.0,15.43%,1335.0
185,6195,444.0,93.0,1096.0,8.49,Spencer-Owen Community Schools,563.0,21.77%,2586.0
278,6160,,,,,Springs Valley Com School Corp,163.0,19.15%,851.0
388,9980,,,,,Steel City Academy,23.0,15.13%,152.0
384,9960,,,,,Success Academy Primary School,83.0,17.47%,475.0
13,1560,230.0,56.0,814.0,6.88,Sunman-Dearborn Com Sch Corp,589.0,15.45%,3812.0
233,7775,111.0,20.0,229.0,8.73,Switzerland County School Corp,302.0,19.82%,1524.0
82,3460,534.0,202.0,2132.0,9.47,Taylor Community School Corp,264.0,20.50%,1288.0
282,6350,,,,,Tell City-Troy Twp School Corp,249.0,16.97%,1467.0
361,9835,,,,,The Bloomington Project School,69.0,24.82%,278.0
320,9460,,,,,Thea Bowman Leadership Academy,119.0,9.92%,1199.0
350,9740,,,,,Thurgood Marshall Leadership Acad,0.0,0.00%,158.0
306,9350,,,,,Timothy L Johnson Academy,34.0,10.76%,316.0
380,9940,,,,,Tindley Collegiate Academy,34.0,12.64%,269.0
316,9425,,,,,Tindley Genesis Academy,31.0,14.35%,216.0
351,9745,,,,,Tindley Preparatory Academy,37.0,19.58%,189.0
381,9945,,,,,Tindley Renaissance Academy,52.0,9.56%,544.0
317,9430,,,,,Tindley Summit Academy,34.0,11.18%,304.0
235,7865,1209.0,277.0,3232.0,8.57,Tippecanoe School Corp,1776.0,13.64%,13021.0
113,4445,174.0,31.0,349.0,8.88,Tippecanoe Valley School Corp,339.0,18.42%,1840.0
238,7945,501.0,165.0,1628.0,10.14,Tipton Community School Corp,232.0,14.24%,1629.0
237,7935,,,,,Tri-Central Community Schools,124.0,15.64%,793.0
262,8535,438.0,53.0,900.0,5.89,Tri-County School Corporation,141.0,19.11%,738.0
122,4645,685.0,73.0,2683.0,2.72,Tri-Creek School Corporation,380.0,11.53%,3297.0
136,4915,160.0,5.0,296.0,1.69,Tri-Township Cons School Corp,58.0,15.30%,379.0
163,5495,55.0,11.0,149.0,7.38,Triton School Corporation,73.0,8.25%,885.0
263,8565,473.0,77.0,1160.0,6.64,Twin Lakes School Corp,309.0,12.92%,2392.0
239,7950,124.0,16.0,217.0,7.37,Union Co/Clg Corner Joint Sch Dist,213.0,15.21%,1400.0
202,6795,80.0,16.0,197.0,8.12,Union School Corporation,38.0,14.84%,256.0
192,6530,267.0,22.0,303.0,7.26,Union Township School Corp,232.0,15.95%,1455.0
216,7215,684.0,93.0,1254.0,7.42,Union-North United School Corp,154.0,13.57%,1135.0
194,6560,740.0,75.0,1526.0,4.91,Valparaiso Community Schools,896.0,14.31%,6261.0
308,9360,,,,,Veritas Academy,12.0,13.33%,90.0
243,8030,154.0,4.0,350.0,1.14,Vigo County School Corp,2699.0,18.37%,14689.0
110,4335,233.0,38.0,585.0,6.5,Vincennes Community School Corp,452.0,16.82%,2687.0
379,9935,,,,,Vision Academy,74.0,16.86%,439.0
37,2285,1307.0,224.0,3010.0,7.44,Wa-Nee Community Schools,341.0,11.48%,2970.0
246,8060,47.0,4.0,76.0,5.26,Wabash City Schools,266.0,17.65%,1507.0
248,8130,1421.0,293.0,4352.0,6.73,Warrick County School Corp,1830.0,17.82%,10272.0
112,4415,391.0,93.0,836.0,11.12,Warsaw Community Schools,1011.0,14.39%,7024.0
11,1405,234.0,30.0,359.0,8.36,Washington Community Schools,569.0,22.03%,2583.0
111,4345,306.0,55.0,634.0,8.68,Wawasee Community School Corp,501.0,16.45%,3045.0
22,1885,319.0,26.0,537.0,4.84,Wes-Del Community Schools,130.0,15.91%,817.0
198,6630,419.0,69.0,1018.0,6.78,West Central School Corp,151.0,18.33%,824.0
267,940,893.0,208.0,3076.0,6.76,West Clark Community Schools,670.0,14.07%,4761.0
236,7875,928.0,230.0,2599.0,8.85,West Lafayette Com School Corp,222.0,9.46%,2347.0
182,6065,276.0,114.0,1012.0,11.26,West Noble School Corporation,295.0,12.28%,2402.0
252,8220,260.0,45.0,800.0,5.63,West Washington School Corp,150.0,18.89%,794.0
184,615,225.0,51.0,616.0,8.28,Western Boone Co Com Sch Dist,279.0,16.33%,1709.0
85,3490,788.0,195.0,2563.0,7.61,Western School Corporation,352.0,13.08%,2692.0
254,8355,277.0,29.0,526.0,5.51,Western Wayne Schools,133.0,12.90%,1031.0
61,3030,1801.0,377.0,6828.0,5.52,Westfield-Washington Schools,1145.0,15.09%,7590.0
116,4525,291.0,24.0,509.0,4.72,Westview School Corporation,343.0,15.18%,2259.0
58,2980,124.0,17.0,223.0,7.62,White River Valley School District,118.0,14.75%,800.0
114,4455,401.0,57.0,842.0,6.77,Whitko Community School Corp,288.0,19.79%,1455.0
265,8665,2387.0,274.0,5083.0,5.39,Whitley County Con Schools,630.0,17.85%,3529.0
363,9845,,,,,Xavier School of Excellence,38.0,17.76%,214.0
25,1910,170.0,20.0,357.0,5.6,Yorktown Community Schools,281.0,11.09%,2534.0
186,630,1595.0,301.0,6048.0,4.98,Zionsville Community Schools,813.0,11.73%,6931.0
268,None,261.0,216.0,3100.0,6.97,,,,
